<?xml version='1.0' encoding='UTF-8'?>
<?artifactRepository version='1.1.0'?>
<repository name='file:/Users/asapkota/AnypointStudio6/srs-workspace/sqs-extended-avio-connector/target/update-site/ - artifacts' type='org.eclipse.equinox.p2.artifact.repository.simpleRepository' version='1'>
  <properties size='2'>
    <property name='p2.timestamp' value='1576172962443'/>
    <property name='p2.compressed' value='false'/>
  </properties>
  <mappings size='3'>
    <rule filter='(&amp; (classifier=osgi.bundle))' output='${repoUrl}/plugins/${id}_${version}.jar'/>
    <rule filter='(&amp; (classifier=binary))' output='${repoUrl}/binary/${id}_${version}'/>
    <rule filter='(&amp; (classifier=org.eclipse.update.feature))' output='${repoUrl}/features/${id}_${version}.jar'/>
  </mappings>
  <artifacts size='2'>
    <artifact classifier='osgi.bundle' id='org.mule.tooling.ui.contribution.sqs-extended-avio.3.5.0' version='1.0.0.201912121149'>
      <properties size='3'>
        <property name='artifact.size' value='331454'/>
        <property name='download.size' value='331454'/>
        <property name='download.md5' value='b41fc17495249888fb8fd61918f88289'/>
      </properties>
    </artifact>
    <artifact classifier='org.eclipse.update.feature' id='org.mule.tooling.ui.extension.sqs-extended-avio-connector.3.5.0' version='1.0.0.201912121149'>
      <properties size='4'>
        <property name='artifact.size' value='656'/>
        <property name='download.size' value='656'/>
        <property name='download.md5' value='8c1c43532cb63879e2336cd76d7cdccb'/>
        <property name='download.contentType' value='application/zip'/>
      </properties>
    </artifact>
  </artifacts>
</repository>
